[
  {"code": "CSTM", "name": "CHHATRAPATI Shivaji Terminus"},
  {"code": "KYN", "name": "Kalyan"},
  {"code": "PNVL", "name": "Panvel"},
  {"code": "NK", "name": "Nasik road"},
  {"code": "SUR", "name": "Solapur"},
  {"code": "MMR", "name": "Manmad"},
  {"code": "GR", "name": "Gulbarga"},
  {"code": "AK", "name": "Akola"},
  {"code": "JL", "name": "Jalgaon"},
  {"code": "MRJ", "name": "Miraj"},
  {"code": "SNSI", "name": "Sainagar sirdih"},
  {"code": "KOP", "name": "Kolhapur"},
  {"code": "BD", "name": "Badnera"},
  {"code": "KNW", "name": "Khandawa"},
  {"code": "KPG", "name": "Kopargaon"},
  {"code": "DD", "name": "Daud"},
  {"code": "ANG", "name": "Ahmad nagar"},
  {"code": "WR", "name": "Wardha"},
  {"code": "SEG", "name": "Shegaon"},
  {"code": "AMI", "name": "Amrawati"},
  {"code": "BPQ", "name": "BALHARSHAH"},
  {"code": "LNL", "name": "Lonavala"},
  {"code": "CD", "name": "Chandrapur"},
  {"code": "LUR", "name": "Latur"},
  {"code": "BZU", "name": "Betul"},
  {"code": "BAU", "name": "Burhanpur"},
  {"code": "KWV", "name": "Kurduwadi"},
  {"code": "CSN", "name": "Chalisgaon"},
  {"code": "MKU", "name": "Malkapur"},
  {"code": "SEGM", "name": "Sewagram"},
  {"code": "BIRD", "name": "Bhiwandi Road"},
  {"code": "WADI", "name": "wadi"},
  {"code": "DI", "name": "Dombivali"},
  {"code": "BUD", "name": "Badalapur"},
  {"code": "GC", "name": "Ghatkopar"},
  {"code": "CLA", "name": "Kurla"},
  {"code": "ABH", "name": "Ambarnath"},
  {"code": "MNKD", "name": "Mankhurd"},
  {"code": "MLND", "name": "Mulund"},
  {"code": "MBQ", "name": "Mumbra"},
  {"code": "BEPR", "name": "Belapur"},
  {"code": "TLA", "name": "Titwala"},
  {"code": "BND", "name": "Bhandup"},
  {"code": "NEU", "name": "Nerul"},
  {"code": "VSH", "name": "Vashi"},
  {"code": "KHAG", "name": "Kharghar"},
  {"code": "GV", "name": "Govandi"},
  {"code": "ULNR", "name": "Ulhasnagar"},
  {"code": "VK", "name": "Vikhroli"},
  {"code": "KLVA", "name": "Kalwa"},
  {"code": "BY", "name": "Byculla"},
  {"code": "SIN", "name": "Sion"},
  {"code": "AIRL", "name": "Aeroli"},
  {"code": "KJT", "name": "Karjat"},
  {"code": "CMBR", "name": "Chembur"},
  {"code": "GTBN", "name": "Guru Teg bahadur nagar"},
  {"code": "GNSL", "name": "Ghansoli"},
  {"code": "MANR", "name": "Mansoravar"},
  {"code": "SNCR", "name": "Sanpada"},
  {"code": "SDAH", "name": "Sealdah"},
  {"code": "KOAA", "name": "Kolkatta terminal"},
  {"code": "BGP", "name": "Bhagalpur"},
  {"code": "ASN", "name": "Asansol"},
  {"code": "BWN", "name": "Barddhman"},
  {"code": "NH", "name": "Naihati"},
  {"code": "MLDT", "name": "Malda Town"},
  {"code": "JSME", "name": "Jasidih"},
  {"code": "DGR", "name": "Durgapur"},
  {"code": "JMP", "name": "Jamalpur"},
  {"code": "RPH", "name": "Rampurhat"},
  {"code": "BDC", "name": "Bandel Jn."},
  {"code": "NFK", "name": "New Farakka"},
  {"code": "MDP", "name": "Madhupur"},
  {"code": "BHP", "name": "Bolpur"},
  {"code": "BPC", "name": "Berhampur court"},
  {"code": "SGG", "name": "Sultanganj"},
  {"code": "RNG", "name": "Raniganj"},
  {"code": "UDL", "name": "Andal"},
  {"code": "KNJ", "name": "Krishnanagar city"},
  {"code": "BP", "name": "Barackpur"},
  {"code": "SPR", "name": "Srirampur"},
  {"code": "DDJ", "name": "Dum Dum Jn."},
  {"code": "SEP", "name": "Sodepur"},
  {"code": "BRP", "name": "Baruipur jn."},
  {"code": "SRP", "name": "Srirampur"},
  {"code": "RIS", "name": "Rishra"},
  {"code": "KOG", "name": "Konnagar"},
  {"code": "BT", "name": "Barasat jn."},
  {"code": "BLH", "name": "Belghoria"},
  {"code": "SBGR", "name": "Subhasgram"},
  {"code": "SNR", "name": "Shyamngar"},
  {"code": "BNXR", "name": "Bidhannagar"},
  {"code": "HB", "name": "Habra"},
  {"code": "MMG", "name": "Madhyamgram"},
  {"code": "SHE", "name": "Sheoraphuli"},
  {"code": "RHA", "name": "Ranaghat jn."},
  {"code": "KDH", "name": "Khardah"},
  {"code": "CDH", "name": "Chakdah"},
  {"code": "PNBE", "name": "Patna"},
  {"code": "MFP", "name": "Muzzafarpur"},
  {"code": "MGS", "name": "Mughalsarai"},
  {"code": "GAYA", "name": "Gaya"},
  {"code": "DHN", "name": "Dhanbad"},
  {"code": "DBG", "name": "Darbhanga"},
  {"code": "RJPB", "name": "Rajendra Nagar Terminal"},
  {"code": "PPT", "name": "Patliputra"},
  {"code": "SPJ", "name": "Samastipur"},
  {"code": "SHC", "name": "Saharsa"},
  {"code": "ARA", "name": "Ara"},
  {"code": "BXR", "name": "Buxar"},
  {"code": "DNR", "name": "Danapur"},
  {"code": "BJU", "name": "Barauni Jn."},
  {"code": "HJP", "name": "Hajipur"},
  {"code": "KQR", "name": "Koderma"},
  {"code": "BMKI", "name": "Banmankhi"},
  {"code": "DOS", "name": "Dehri On Sone"},
  {"code": "KIUL", "name": "Kiul"},
  {"code": "KGG", "name": "Khagaria"},
  {"code": "RXL", "name": "Raxaul"},
  {"code": "SSM", "name": "Sasaram"},
  {"code": "BTH", "name": "Bettiah"},
  {"code": "JYG", "name": "Jainagar"},
  {"code": "PNME", "name": "Parasnath"},
  {"code": "MBI", "name": "Madhubani"},
  {"code": "DTO", "name": "Daltengunj"},
  {"code": "BKP", "name": "Bakhtiyarpur"},
  {"code": "AUBR", "name": "Anugrah Narayan Road"},
  {"code": "SGL", "name": "Sugauli"},
  {"code": "NKE", "name": "Narkatiaganj"},
  {"code": "BGS", "name": "Begusarai"},
  {"code": "SKI", "name": "Sakari Jn"},
  {"code": "PNC", "name": "Patna Sahib"},
  {"code": "SMI", "name": "Sitamadhi"},
  {"code": "JMU", "name": "Jamui"},
  {"code": "MKA", "name": "Mokama"},
  {"code": "JAJ", "name": "Jhanja"},
  {"code": "SGRL", "name": "Singrauli"},
  {"code": "BBU", "name": "Bhabhua Road"},
  {"code": "GHD", "name": "Garhwa Road"},
  {"code": "MNE", "name": "Mansi Jn."},
  {"code": "DLN", "name": "Dildarnagar"},
  {"code": "BUG", "name": "Bagha"},
  {"code": "NNA", "name": "Naugachia"},
  {"code": "SEE", "name": "Sonepur"},
  {"code": "BRKA", "name": "Barkakana"},
  {"code": "JHD", "name": "Jahanabad"},
  {"code": "TEA", "name": "Taregana"},
  {"code": "FUT", "name": "Fatuha"},
  {"code": "BTA", "name": "Bihta"},
  {"code": "BARH", "name": "Barh"},
  {"code": "PURI", "name": "Puri"},
  {"code": "BAM", "name": "Brahmapur"},
  {"code": "CTC", "name": "Cuttack"},
  {"code": "VZM", "name": "Viizanagaram"},
  {"code": "SBP", "name": "Sambalpur"},
  {"code": "KUR", "name": "Khurda Road"},
  {"code": "CHE", "name": "Srikakulam"},
  {"code": "BHC", "name": "Bhadrak"},
  {"code": "PSA", "name": "Palasa"},
  {"code": "RGDA", "name": "Rayagada"},
  {"code": "JJKR", "name": "Jajpur-Keonjhar road"},
  {"code": "DVD", "name": "Duvvada"},
  {"code": "BLGR", "name": "Bolangir"},
  {"code": "TIG", "name": "Titlagrah"},
  {"code": "BALU", "name": "Balugaon"},
  {"code": "KSNG", "name": "Kesinga"},
  {"code": "DLI", "name": "Delhi"},
  {"code": "JAT", "name": "Jammu Tavi"},
  {"code": "BSB", "name": "Varanasi"},
  {"code": "LKO", "name": "Lucknow"},
  {"code": "LDH", "name": "Ludhiana Jn"},
  {"code": "HW", "name": "Haridwar"},
  {"code": "UMB", "name": "Ambala Cantt."},
  {"code": "SNP", "name": "Sonipat"},
  {"code": "BE", "name": "Bareilly"},
  {"code": "DDN", "name": "Dehradun"},
  {"code": "SVDK", "name": "Shri Mata  Vaisno devi Katra"},
  {"code": "MB", "name": "Moradabad"},
  {"code": "SRE", "name": "Haharanpur"},
  {"code": "FD", "name": "Faizabad"},
  {"code": "BTI", "name": "Bathinda"},
  {"code": "PTKC", "name": "Pathankot Jn"},
  {"code": "MTC", "name": "Meerut City"},
  {"code": "SLN", "name": "Sultanpur"},
  {"code": "JRC", "name": "Jalandhar City"},
  {"code": "SPN", "name": "Shahjahanpur"},
  {"code": "KLK", "name": "Kalka"},
  {"code": "PBH", "name": "Pratapgrah"},
  {"code": "SHG", "name": "Shahgunj"},
  {"code": "FZR", "name": "Firozpur Cantt"},
  {"code": "JNU", "name": "Jaunpur"},
  {"code": "ABP", "name": "Akbarpur"},
  {"code": "RBL", "name": "Raebareli"},
  {"code": "RK", "name": "Roorkee"},
  {"code": "ROK", "name": "Rohtak"},
  {"code": "HRI", "name": "raichu"},
  {"code": "MOZ", "name": "Muzaffar Nagar"},
  {"code": "PGW", "name": "Phagwara Jn."},
  {"code": "PWL", "name": "Palwal"},
  {"code": "RMU", "name": "Rampur"},
  {"code": "UHP", "name": "Udhampur"},
  {"code": "BOY", "name": "Bhadohi"},
  {"code": "RPJ", "name": "Raj Pura"},
  {"code": "JNH", "name": "Janghai"},
  {"code": "PRG", "name": "Paryag"},
  {"code": "PTK", "name": "Pathan kot Jn"},
  {"code": "HPU", "name": "Hapur"},
  {"code": "ON", "name": "Unnao"},
  {"code": "SIR", "name": "Sirhind"},
  {"code": "KKDE", "name": "Kurukshetra"},
  {"code": "BBK", "name": "Barabanki"},
  {"code": "JOP", "name": "Jaunpur City"},
  {"code": "PTA", "name": "Patiala"},
  {"code": "BVH", "name": "Ballabhgrah"},
  {"code": "AY", "name": "Ayodhya"},
  {"code": "AME", "name": "Amethi"},
  {"code": "CH", "name": "Chandausi"},
  {"code": "NBD", "name": "Najibabad"},
  {"code": "ABS", "name": "Abhohar Jn"},
  {"code": "SBB", "name": "Sahibabad"},
  {"code": "BGZ", "name": "Bahdurgrah"},
  {"code": "NNO", "name": "Nangloi"},
  {"code": "NUR", "name": "Narela"},
  {"code": "TKD", "name": "Tughlakabad"},
  {"code": "MDNR", "name": "Modinagar"},
  {"code": "NOLI", "name": "Noli"},
  {"code": "GNU", "name": "Ganaur"},
  {"code": "FDN", "name": "Faridabad New Town"},
  {"code": "PTRD", "name": "Pataudi road"},
  {"code": "BTU", "name": "Braut"},
  {"code": "AMRO", "name": "Amroha"},
  {"code": "PM", "name": "Palam"},
  {"code": "DSB", "name": "Delhi sadar bazar"},
  {"code": "JHS", "name": "Jhansi"},
  {"code": "MTJ", "name": "Mathura"},
  {"code": "AF", "name": "Agra Fort"},
  {"code": "ALJN", "name": "Aligarh"},
  {"code": "COI", "name": "Chheoki"},
  {"code": "MZP", "name": "Mirzapur"},
  {"code": "ETW", "name": "Etawah"},
  {"code": "TDL", "name": "Tundala"},
  {"code": "BNDA", "name": "Banda"},
  {"code": "MRA", "name": "Morena"},
  {"code": "LAR", "name": "Lalitpur"},
  {"code": "CKTD", "name": "Chitrakut Dham"},
  {"code": "MBA", "name": "Mahoba"},
  {"code": "FTP", "name": "Fatehpur"},
  {"code": "RKM", "name": "Raja ki Mandi"},
  {"code": "MKP", "name": "Manikpur"},
  {"code": "ORAI", "name": "Orai"},
  {"code": "KURJ", "name": "Khajuraho"},
  {"code": "PHD", "name": "Phaphund"},
  {"code": "DAA", "name": "Datia"},
  {"code": "DHO", "name": "Dholpur Jn."},
  {"code": "DBA", "name": "Dabra"},
  {"code": "DER", "name": "Dadri"},
  {"code": "KRJ", "name": "Khurja"},
  {"code": "GKP", "name": "Gorakhpur Jn"},
  {"code": "LJN", "name": "Lucknow Jn"},
  {"code": "CPR", "name": "Chhapra Jn"},
  {"code": "SV", "name": "Siwan"},
  {"code": "GD", "name": "Gonda Jn"},
  {"code": "MUV", "name": "Manduwadih"},
  {"code": "BST", "name": "Basti"},
  {"code": "AMH", "name": "Azamgrah"},
  {"code": "BUI", "name": "Ballia"},
  {"code": "MAU", "name": "Mau Jn"},
  {"code": "DEOS", "name": "Deoria Sadar"},
  {"code": "KGM", "name": "Kathgodam"},
  {"code": "KLD", "name": "Khalilabad"},
  {"code": "FBD", "name": "Farrukhabad"},
  {"code": "GCT", "name": "Ghazipur City"},
  {"code": "RUPC", "name": "Rudrapur Ciry"},
  {"code": "BLTR", "name": "Betlthara Road"},
  {"code": "BNZ", "name": "Badshahnagar"},
  {"code": "KSJ", "name": "Kasganj Jn."},
  {"code": "KJN", "name": "Kannauj"},
  {"code": "BCY", "name": "Varanasi"},
  {"code": "BTT", "name": "Bhatni"},
  {"code": "LKU", "name": "Lalkuan Jn."},
  {"code": "HDW", "name": "Haldwani"},
  {"code": "MUR", "name": "Mankapur Jn."},
  {"code": "KPV", "name": "Kashipur"},
  {"code": "PBE", "name": "Pilibhit Jn."},
  {"code": "BC", "name": "Bareilly City"},
  {"code": "GHY", "name": "Guwahati"},
  {"code": "NJP", "name": "New Jalpaiguri"},
  {"code": "KIR", "name": "Katihar"},
  {"code": "KYQ", "name": "Kamakhya"},
  {"code": "DMV", "name": "Dimapur"},
  {"code": "KNE", "name": "Kishanganj"},
  {"code": "NCB", "name": "New Coochbehar"},
  {"code": "NTSK", "name": "New Tinsukia"},
  {"code": "DBRT", "name": "Dibrugarh Town"},
  {"code": "NBQ", "name": "New Bongaigaon"},
  {"code": "RNY", "name": "Rangiya Jn."},
  {"code": "MXN", "name": "Mariyani Jn."},
  {"code": "NOQ", "name": "New Alipurduar"},
  {"code": "BOE", "name": "Barsoi Jn."},
  {"code": "DBRG", "name": "Dibrugarh"},
  {"code": "SCL", "name": "Silchar"},
  {"code": "JBN", "name": "Jogbani"},
  {"code": "LMG", "name": "Lumding"},
  {"code": "RGJ", "name": "Raiganj"},
  {"code": "BPRD", "name": "Barpeta Road"},
  {"code": "APDJ", "name": "Alipurduar Jn."},
  {"code": "DQG", "name": "Dhupguri"},
  {"code": "KOJ", "name": "Kokrajhar"},
  {"code": "SGUJ", "name": "Siliguri Jn."},
  {"code": "PRNA", "name": "Purnea"},
  {"code": "ARQ", "name": "Araria Court"},
  {"code": "BKN", "name": "Bikaner"},
  {"code": "ABR", "name": "Abu Road"},
  {"code": "RE", "name": "Rewari"},
  {"code": "AWR", "name": "Alwar"},
  {"code": "FA", "name": "Falna"},
  {"code": "SGNR", "name": "Sri Ganga Nagar"},
  {"code": "HSR", "name": "Hisar"},
  {"code": "JSM", "name": "Jaisalmer"},
  {"code": "BHL", "name": "Bhilwara"},
  {"code": "BKI", "name": "Bandikui"},
  {"code": "SOG", "name": "Suratgarh"},
  {"code": "NGO", "name": "Nagaur"},
  {"code": "MJ", "name": "Marwar Jn."},
  {"code": "PMY", "name": "Pali Marwar"},
  {"code": "BME", "name": "Barmer"},
  {"code": "BGKT", "name": "Bhagar Ki Kothi"},
  {"code": "LGH", "name": "Lalgarh"},
  {"code": "HMH", "name": "Hanumangarh Jn."},
  {"code": "BNW", "name": "Bhiwani"},
  {"code": "MTD", "name": "Merta Road"},
  {"code": "DO", "name": "Dausa"},
  {"code": "KSG", "name": "Kishangarh"},
  {"code": "FL", "name": "Phulera"},
  {"code": "DPA", "name": "Durgapura"},
  {"code": "BER", "name": "Beawar"},
  {"code": "SSA", "name": "Sirsa"},
  {"code": "MAS", "name": "Chennai Central"},
  {"code": "MS", "name": "Chennai Egmore"},
  {"code": "TBM", "name": "Tambram"},
  {"code": "CBE", "name": "Coimbatore Jn."},
  {"code": "TVC", "name": "Tiruvananthapuram Central"},
  {"code": "MDU", "name": "Madurai Jn."},
  {"code": "CLT", "name": "Kozhikkode"},
  {"code": "KPD", "name": "Katpadi"},
  {"code": "TCR", "name": "Thrisur"},
  {"code": "CGL", "name": "Chengalpattu Jn."},
  {"code": "AJJ", "name": "Arakkonam Jn."},
  {"code": "TRL", "name": "Tiruvallur"},
  {"code": "TPJ", "name": "Tiruchchirappalli Jn"},
  {"code": "TEN", "name": "Tirunelveli Jn."},
  {"code": "MAQ", "name": "Mangalore Central"},
  {"code": "ED", "name": "Erode Jn"},
  {"code": "SA", "name": "Salem Jn."},
  {"code": "CAN", "name": "Kannur"},
  {"code": "ERN", "name": "Eraniel"},
  {"code": "TUP", "name": "Tiruppur"},
  {"code": "AWY", "name": "Aluva"},
  {"code": "PGT", "name": "Palakkad jn"},
  {"code": "QLN", "name": "Kollam Jn"},
  {"code": "KTYM", "name": "Kottayam"},
  {"code": "SRR", "name": "Shoranur Jn"},
  {"code": "CNGR", "name": "Chengannur"},
  {"code": "NCJ", "name": "Nagercoil Jn."},
  {"code": "KYJ", "name": "Kayankulam Jn"},
  {"code": "TLY", "name": "Thalassery"},
  {"code": "TJ", "name": "Thanjavur Jn"},
  {"code": "MAJN", "name": "Mangalore Jn"},
  {"code": "DG", "name": "Dindigul Jn"},
  {"code": "RMM", "name": "Rameswaram"},
  {"code": "TN", "name": "Tutikorin"},
  {"code": "JTJ", "name": "Jolarpattai"},
  {"code": "TIR", "name": "Tirur"},
  {"code": "VM", "name": "Villupuram Jn"},
  {"code": "KCVL", "name": "Kochuvalli"},
  {"code": "ALLP", "name": "Alppuzha"},
  {"code": "PER", "name": "Perambur"},
  {"code": "MBM", "name": "Mambalam"},
  {"code": "GI", "name": "Guduvancheri"},
  {"code": "PRGL", "name": "Perungalathur"},
  {"code": "CAPE", "name": "Kanniyakumari"},
  {"code": "BDJ", "name": "Vadakara"},
  {"code": "KGQ", "name": "kasargod"},
  {"code": "TRVL", "name": "Tiruvalla"},
  {"code": "KMU", "name": "kumbakonam"},
  {"code": "PAY", "name": "Payyannur"},
  {"code": "CVP", "name": "Kovilpatti"},
  {"code": "VPT", "name": "Virudhunagar Jn"},
  {"code": "MV", "name": "Mayiladuthurai Jn"},
  {"code": "NGT", "name": "Nagappattinam"},
  {"code": "KZE", "name": "Kanhangad"},
  {"code": "KRR", "name": "Karur Jn."},
  {"code": "RMD", "name": "Ramanathapuram"},
  {"code": "KTU", "name": "Kuttipuram"},
  {"code": "MTP", "name": "Mettupalaiyam"},
  {"code": "CGY", "name": "Changanacheri"},
  {"code": "VAK", "name": "Varkalashivagiri"},
  {"code": "TRT", "name": "Tiruttani"},
  {"code": "SKL", "name": "Singaperumalkoil"},
  {"code": "AFK", "name": "Angamali for Kaladi"},
  {"code": "HYB", "name": "Hyderabad"},
  {"code": "KCG", "name": "Kacheguda"},
  {"code": "NED", "name": "Huzur Saheb Nanded"},
  {"code": "RJY", "name": "Rajahmundry"},
  {"code": "AWB", "name": "Aurangabad"},
  {"code": "RU", "name": "Renigunta"},
  {"code": "GNT", "name": "Guntur"},
  {"code": "WL", "name": "Warangal"},
  {"code": "SLO", "name": "Samalkot"},
  {"code": "KZJ", "name": "Kazipet Jn"},
  {"code": "OGL", "name": "Ongole"},
  {"code": "KMT", "name": "Khammam"},
  {"code": "GTL", "name": "Guntakal"},
  {"code": "GDR", "name": "Gudur"},
  {"code": "CCT", "name": "Kakinada Tn."},
  {"code": "RC", "name": "Raichur"},
  {"code": "PBN", "name": "Parbhani"},
  {"code": "NSL", "name": "Nagarsol"},
  {"code": "TEL", "name": "Tenali"},
  {"code": "ATP", "name": "Anatpur"},
  {"code": "NZB", "name": "Nizamabad"},
  {"code": "YG", "name": "Yadgir"},
  {"code": "EE", "name": "Eluru"},
  {"code": "BVRT", "name": "Bhimavaram Tn."},
  {"code": "HX", "name": "Cuddapah"},
  {"code": "LPI", "name": "Lingampalli"},
  {"code": "KRNT", "name": "Kurnool Tn"},
  {"code": "AKP", "name": "Anakapalli"},
  {"code": "J", "name": "Jalna"},
  {"code": "TDD", "name": "Tadepalligudem"},
  {"code": "CLX", "name": "Chirala"},
  {"code": "TUNI", "name": "Tuni"},
  {"code": "MCI", "name": "Manchiryal"},
  {"code": "BIDR", "name": "Bidar"},
  {"code": "AD", "name": "Adoni"},
  {"code": "COA", "name": "Kakinada Port (new)"},
  {"code": "RDM", "name": "Ramagundam"},
  {"code": "DMM", "name": "Dharmavaram"},
  {"code": "NS", "name": "Narasapur"},
  {"code": "BDCR", "name": "Bhadrachalam Rd."},
  {"code": "MALM", "name": "Mantralayam Rd."},
  {"code": "GDV", "name": "Gudivada"},
  {"code": "MABD", "name": "Mahbubabad"},
  {"code": "BMT", "name": "Begumpet"},
  {"code": "NDL", "name": "Nandyal"},
  {"code": "TDU", "name": "Tandur"},
  {"code": "CTO", "name": "Chittoor"},
  {"code": "VKB", "name": "Vikarabad"},
  {"code": "RAL", "name": "Repalli"},
  {"code": "TATA", "name": "Tatanagar"},
  {"code": "KGP", "name": "Kharagpur"},
  {"code": "ROU", "name": "Rourkela"},
  {"code": "HTE", "name": "Hatia"},
  {"code": "SHM", "name": "Shalimar"},
  {"code": "JSG", "name": "Jharsuguda"},
  {"code": "BKSC", "name": "Bokaro Steel City"},
  {"code": "BLS", "name": "Balasore"},
  {"code": "CKP", "name": "Chakradharpur"},
  {"code": "PRR", "name": "Purulia Jn."},
  {"code": "DGHA", "name": "Digha"},
  {"code": "BQA", "name": "Bankura Jn."},
  {"code": "MDN", "name": "Midnapur"},
  {"code": "ADRA", "name": "Adra"},
  {"code": "JGM", "name": "Jhargram"},
  {"code": "R", "name": "Raipur"},
  {"code": "BSP", "name": "Bilaspur"},
  {"code": "DURG", "name": "Durg"},
  {"code": "G", "name": "Gondia"},
  {"code": "RIG", "name": "Raigharh"},
  {"code": "CPH", "name": "CPH"},
  {"code": "APR", "name": "Anuppur"},
  {"code": "RJN", "name": "Rajnandgaon"},
  {"code": "SDL", "name": "Shahdol"},
  {"code": "BYT", "name": "Bhatapara"},
  {"code": "KRBA", "name": "Korba"},
  {"code": "BPHB", "name": "Bhilai Power House"},
  {"code": "ABKP", "name": "Ambikapur"},
  {"code": "ITR", "name": "Itwari"},
  {"code": "DGG", "name": "Dongargadh"},
  {"code": "MYS", "name": "Mysore"},
  {"code": "UBL", "name": "Hubli Junction"},
  {"code": "KJM", "name": "Krishnarajapuram"},
  {"code": "VSG", "name": "Vasco-da-gama"},
  {"code": "BAY", "name": "Bellary Jn."},
  {"code": "DVG", "name": "Davangere"},
  {"code": "BWT", "name": "Bangarapet"},
  {"code": "MYA", "name": "Mandya"},
  {"code": "HPT", "name": "Hospet Jn."},
  {"code": "KGI", "name": "Kengeri"},
  {"code": "BJP", "name": "Bijapur"},
  {"code": "SSPN", "name": "Srisatyasaiprashanthinilayam"},
  {"code": "SMET", "name": "Shimoga Tn."},
  {"code": "GDG", "name": "Gadag Jn."},
  {"code": "ASK", "name": "Arsikere"},
  {"code": "YNK", "name": "Yelahanka"},
  {"code": "HSRA", "name": "Hosur"},
  {"code": "TK", "name": "Tumkur"},
  {"code": "MLO", "name": "Malur"},
  {"code": "CPT", "name": "Channapatna"},
  {"code": "RMGM", "name": "Ramanagaram"},
  {"code": "WFD", "name": "Whitefield"},
  {"code": "NTW", "name": "Nanjangud Tn"},
  {"code": "KPN", "name": "Kuppam"},
  {"code": "BRC", "name": "Vadodara Jn."},
  {"code": "UJN", "name": "Ujjain"},
  {"code": "NVS", "name": "Navsari"},
  {"code": "RJT", "name": "Rajkot"},
  {"code": "VAPI", "name": "Vapi"},
  {"code": "RTM", "name": "Ratlam"},
  {"code": "JAM", "name": "Jamnagar"},
  {"code": "BH", "name": "Bharuch Jn."},
  {"code": "GIMB", "name": "Gandhidham"},
  {"code": "BHUJ", "name": "Bhuj"},
  {"code": "ANND", "name": "Anand"},
  {"code": "COR", "name": "Chittorgarh"},
  {"code": "AKV", "name": "Ankleshwar"},
  {"code": "ND", "name": "Nadiad"},
  {"code": "BIM", "name": "Bilimora"},
  {"code": "VRL", "name": "Veraval"},
  {"code": "BVC", "name": "Bhavnagar"},
  {"code": "DWK", "name": "Dwarka"},
  {"code": "DHD", "name": "Dahod"},
  {"code": "NAD", "name": "Nagda"},
  {"code": "SUNR", "name": "Surendranagar"},
  {"code": "DWX", "name": "Dewas"},
  {"code": "JND", "name": "Junagarh"},
  {"code": "WKR", "name": "Wankaner"},
  {"code": "VG", "name": "Viramgam"},
  {"code": "SIOB", "name": "Samakhiali"},
  {"code": "NMH", "name": "Nimach"},
  {"code": "KSB", "name": "Kosamba"},
  {"code": "MHD", "name": "Mahemadabad & Kheda Road"},
  {"code": "BTD", "name": "Botad"},
  {"code": "MYG", "name": "Miyagam Karjan Jn."},
  {"code": "UBR", "name": "Umbergaon"},
  {"code": "KIM", "name": "Kim"},
  {"code": "VR", "name": "Virar"},
  {"code": "BYR", "name": "Bhayandar"},
  {"code": "CCG", "name": "Churchgate"},
  {"code": "BSR", "name": "Vasai Road"},
  {"code": "NSP", "name": "Nallasopara"},
  {"code": "MDD", "name": "Malad"},
  {"code": "GMN", "name": "Goregaon"},
  {"code": "VTN", "name": "Vaitarana"},
  {"code": "KILE", "name": "Kandivali"},
  {"code": "VLP", "name": "Vile Parley"},
  {"code": "BOR", "name": "Boisar"},
  {"code": "MIRA", "name": "Mira Road"},
  {"code": "STC", "name": "Santacruz"},
  {"code": "JOS", "name": "Jogeshwari"},
  {"code": "PLG", "name": "Palghar"},
  {"code": "DIC", "name": "Dahisar"},
  {"code": "MM", "name": "Mahim"},
  {"code": "KHAR", "name": "Khar Road"},
  {"code": "GTR", "name": "Grant Road"},
  {"code": "DRD", "name": "Dahanu Raod"},
  {"code": "EPR", "name": "Elphinstone Road"},
  {"code": "CYR", "name": "Charni Road"},
  {"code": "JBP", "name": "Jabalpur"},
  {"code": "STA", "name": "Satna"},
  {"code": "KTE", "name": "Katni"},
  {"code": "REWA", "name": "Rewa"},
  {"code": "SWM", "name": "Sawaimadhopur"},
  {"code": "SGO", "name": "Saugor"},
  {"code": "BINA", "name": "Bina"},
  {"code": "BTE", "name": "Bharatpur"},
  {"code": "MYR", "name": "Maihar"},
  {"code": "DMO", "name": "Damoh"},
  {"code": "GUNA", "name": "Guna"},
  {"code": "PPI", "name": "Pipariya"},
  {"code": "GGC", "name": "Gangapur City"},
  {"code": "BHS", "name": "Vidisha"},
  {"code": "HBD", "name": "Hoshangabad"},
  {"code": "NU", "name": "Narshinghpur"},
  {"code": "HAN", "name": "Hindaun City"},
  {"code": "BAQ", "name": "Ganjbasoda"},
  {"code": "DKNT", "name": "Dakaniya Talav"},
  {"code": "PGMD", "name": "Pragati Maidan"},
  {"code": "DBSI", "name": "Daya Basti"},
  {"code": "KRTN", "name": "Kirti Nagar"},
  {"code": "NRVR", "name": "Naraina Vihar"},
  {"code": "DLPI", "name": "Delhi Inderpuri"},
  {"code": "BRSQ", "name": "Brar Square"},
  {"code": "SDPR", "name": "Sardar Patel Marg"},
  {"code": "SOJ", "name": "Sarojini Nagar"},
  {"code": "LDCY", "name": "Lodhi Colony"},
  {"code": "SWNR", "name": "Sewa Nagar"},
  {"code": "PZA", "name": "PALAVANTANGAL"},
  {"code": "AVD", "name": "AVADI"},
  {"code": "BZN", "name": "BAGNAN"},
  {"code": "PKU", "name": "PANSKURA"},
  {"code": "MCA", "name": "MECHEDA"},
  {"code": "VLCY", "name": "Velachery"},
  {"code": "PRGD", "name": "Perungudi"},
  {"code": "TRMN", "name": "Taramani"},
  {"code": "TYMR", "name": "Thiruvanmiyur"},
  {"code": "INDR", "name": "Indira Nagar"},
  {"code": "KTBR", "name": "Kasturba Nagar"},
  {"code": "KTPM", "name": "Kotturpuram"},
  {"code": "GWGR", "name": "Greenways Road"},
  {"code": "MNDY", "name": "Mandaveli"},
  {"code": "MTMY", "name": "Thirumayilai"},
  {"code": "MLHS", "name": "Light House"},
  {"code": "MTCN", "name": "Thiruvallikeni"},
  {"code": "MCPK", "name": "Chepauk"},
  {"code": "MCPT", "name": "Chintadripet"},
  {"code": "MPKT", "name": "Chennai Park Town"},
  {"code": "GDY", "name": "Guindy"},
  {"code": "SP", "name": "Saidapet"},
  {"code": "MKK", "name": "Kodambakkam"},
  {"code": "NBK", "name": "Nungambakkam"},
  {"code": "MSC", "name": "Chetput"},
  {"code": "PEW", "name": "Perambur Loco Works"},
  {"code": "PCW", "name": "Perambur Carriage Works"},
  {"code": "VJM", "name": "Vyasarpadi Jeeva"},
  {"code": "TNP", "name": "Tondiarpet"},
  {"code": "KOK", "name": "Korukkupet"},
  {"code": "MPK", "name": "Chennai Park"},
  {"code": "MSF", "name": "Chennai Fort"},
  {"code": "WST", "name": "Washermanpet"},
  {"code": "BBQ", "name": "Basin Bridge"},
  {"code": "RPM", "name": "Royapuram"},
  {"code": "MMCC", "name": "Moore Market Complex"},
  {"code": "MSB", "name": "Chennai Beach"},
  {"code": "SSP", "name": "Santoshpur"},
  {"code": "TLG", "name": "Tollyganj"},
  {"code": "BGJT", "name": "Baghajatin"},
  {"code": "BRJ", "name": "Brace Bridge"},
  {"code": "DDC", "name": "Dum Dum Cant"},
  {"code": "BLN", "name": "Ballygunge"},
  {"code": "DHK", "name": "Dhakuria"},
  {"code": "EDG", "name": "Eden Garden"},
  {"code": "BEQ", "name": "Belur"},
  {"code": "TPKR", "name": "Tikiapara"},
  {"code": "LLH", "name": "Liluah"},
  {"code": "BBT", "name": "Birati"},
  {"code": "MJT", "name": "Majerhat"},
  {"code": "KIRP", "name": "Khidirpur"},
  {"code": "PPGT", "name": "Princep Ghat"},
  {"code": "AGP", "name": "Agarpara"},
  {"code": "SRC", "name": "Santragachi Junction"},
  {"code": "VVH", "name": "Vidyavihar"},
  {"code": "TKNG", "name": "Tilak nagar"},
  {"code": "SVE", "name": "Sewri"},
  {"code": "SNRD", "name": "Sandhurst Road"},
  {"code": "RRD", "name": "Reay Road"},
  {"code": "MRU", "name": "Matunga Road"},
  {"code": "MTN", "name": "Matunga"},
  {"code": "MEL", "name": "Marine Lines"},
  {"code": "MSD", "name": "Bombay Masjid"},
  {"code": "MX", "name": "Mahalaxmi"},
  {"code": "DKRD", "name": "Dockyard Road"},
  {"code": "CRD", "name": "Currey Road"},
  {"code": "CTGN", "name": "Cotton Green"},
  {"code": "CHF", "name": "Chunabhatti"},
  {"code": "CHG", "name": "Chinchpokli"},
  {"code": "BAP", "name": "CBD Belapur"},
  {"code": "VVB", "name": "Viveka Vihar"},
  {"code": "TKJ", "name": "Tilak Bridge"},
  {"code": "SZM", "name": "Subji Mandi"},
  {"code": "CSB", "name": "Shivaji Bridge"},
  {"code": "OKA", "name": "Okhla"},
  {"code": "MGP", "name": "Mongolpuri"},
  {"code": "DSJ", "name": "Delhi Sadarjung"},
  {"code": "DKZ", "name": "Kishanganj"},
  {"code": "BHD", "name": "Badli"},
  {"code": "GTNR", "name": "Gomati Nagar"},
  {"code": "RANI", "name": "Rani"},
  {"code": "MUT", "name": "MEERUT CANTT."},
  {"code": "JTTN", "name": "Jorhat Town"},
  {"code": "JUD", "name": "Jagadhri"},
  {"code": "GMO", "name": "Gomoh Jn."},
  {"code": "COB", "name": "Coochbehar"},
  {"code": "BNGN", "name": "Bongaigaon"},
  {"code": "BRD", "name": "Bhandara Road"},
  {"code": "UHL", "name": "Una"},
  {"code": "KPLH", "name": "Kottipali"},
  {"code": "ANSB", "name": "Anandpur sahib"},
  {"code": "AO", "name": "Aonla"},
  {"code": "BRK", "name": "Bahraich"},
  {"code": "BTC", "name": "Balaghat"},
  {"code": "JDB", "name": "Jagdalpur"},
  {"code": "PNF", "name": "Pangaon"},
  {"code": "BJO", "name": "Bijnor"},
  {"code": "BSC", "name": "Bulandshaher"},
  {"code": "CUR", "name": "Churu"},
  {"code": "DHI", "name": "Dhule"},
  {"code": "FTS", "name": "Fathepur Sikri"},
  {"code": "KTW", "name": "Kotdwara"},
  {"code": "HRS", "name": "Hathras"},
  {"code": "JJN", "name": "Jhunjhunu"},
  {"code": "KGRA", "name": "Kangra"},
  {"code": "SRO", "name": "Sirathu"},
  {"code": "JONA", "name": "Johna"},
  {"code": "LMP", "name": "Lakhimpur"},
  {"code": "LLJ", "name": "Lalganj"},
  {"code": "MGZ", "name": "Maharjganj"},
  {"code": "JDNX", "name": "joginder nagar"},
  {"code": "MSTH", "name": "Mibrik Tirath"},
  {"code": "MLJ", "name": "Mohanlal Ganj"},
  {"code": "NDB", "name": "Nandurbar"},
  {"code": "NRT", "name": "Narasaraopet"},
  {"code": "NWD", "name": "Nawada"},
  {"code": "PTN", "name": "Patan"},
  {"code": "PBR", "name": "Porbandar"},
  {"code": "RBGJ", "name": "Robertshabj"},
  {"code": "SML", "name": "Shimla"},
  {"code": "SIKR", "name": "Sikar"},
  {"code": "STP", "name": "Sitapur"},
  {"code": "TZTB", "name": "Tezpur"},
  {"code": "PQE", "name": "Pawapuri"}
]
